name,pin,date,email,company,boolean
Ocean Santos,2928,"Oct 1, 2026",sagittis.lobortis@icloud.couk,Ac Libero Corporation,Yes
Lucius Bonner,9968,"Aug 15, 2025",placerat@icloud.com,Tristique Ac Industries,Yes
Chastity Roman,6368,"Apr 5, 2026",duis.volutpat.nunc@protonmail.org,Mauris LLP,No
Nomlanga Barnes,1534,"Mar 18, 2025",nunc@aol.couk,Libero Donec Inc.,No
Charissa Slater,9530,"Feb 24, 2025",sit@yahoo.edu,Elit Pretium Foundation,No
Gil Osborn,7758,"Jun 3, 2025",eu.dolor@aol.edu,Eu Sem Limited,Yes
Stacey Gonzalez,5591,"Mar 16, 2026",vivamus.molestie.dapibus@outlook.com,Pellentesque Industries,Yes
Imani Shannon,6949,"Jun 3, 2025",dolor.vitae@protonmail.net,Habitant Morbi LLC,Yes
Lacota Wade,7414,"Nov 7, 2025",pulvinar.arcu.et@icloud.edu,Ridiculus Mus Inc.,No
Regina Valdez,7003,"Feb 21, 2025",nulla.in@aol.couk,Eros Consulting,Yes
Yvette Whitehead,2646,"Mar 22, 2026",malesuada@icloud.edu,Diam Dictum Ltd,No
Uriah Britt,6308,"Dec 20, 2025",scelerisque.lorem.ipsum@hotmail.edu,Quis PC,No
Daria Knox,1688,"Apr 30, 2025",parturient@hotmail.net,Id Enim Curabitur Ltd,No
Kyra Johns,6421,"Jul 3, 2026",eget.laoreet.posuere@protonmail.com,Sem Foundation,Yes
Cade Gilmore,3074,"Dec 12, 2025",risus.donec@yahoo.com,Parturient Montes LLC,No
Russell Larsen,5186,"Jan 26, 2026",turpis.egestas@hotmail.edu,Donec Associates,No
Amos Brooks,4927,"Jun 18, 2026",nulla.interdum@google.couk,In Hendrerit LLC,Yes
Chadwick Mcknight,8271,"Sep 2, 2025",odio.etiam@protonmail.edu,Sagittis Associates,No
Baker Bates,8114,"Apr 5, 2026",mi.enim.condimentum@hotmail.edu,Eget Metus Corporation,Yes
Nash Copeland,5633,"Dec 6, 2025",vel@icloud.com,Tempus Mauris Erat Incorporated,Yes
Ariana Fitzgerald,6157,"Sep 21, 2026",praesent.interdum.ligula@aol.couk,Purus Nullam Scelerisque Foundation,Yes
Phelan Mueller,3058,"May 19, 2026",mauris.blandit.enim@icloud.net,Mauris Sapien Ltd,Yes
Sophia Wall,1908,"Aug 2, 2025",egestas.aliquam@yahoo.edu,Nec Euismod Corporation,Yes
Amos Emerson,8983,"Aug 15, 2026",orci.luctus@icloud.org,Aenean Eget LLP,Yes
Zahir Maxwell,7755,"May 22, 2025",nec@outlook.com,Euismod Ac Foundation,No
Maryam Whitehead,6071,"Jun 7, 2026",velit.justo@outlook.edu,Ornare Elit PC,No
Kiona Roth,1188,"Jun 3, 2025",morbi.neque.tellus@aol.couk,Id Risus Consulting,No
Eleanor Pratt,9189,"Sep 12, 2025",non.quam@icloud.org,Turpis Egestas Associates,No
Jessamine Glover,4716,"May 26, 2026",pellentesque.habitant@hotmail.net,Tempus PC,No
Branden Mayer,1900,"May 9, 2025",magna.a@icloud.ca,Praesent Incorporated,No
Oscar Chan,5126,"Sep 18, 2026",praesent.eu@hotmail.org,At Lacus LLC,Yes
Kyra Hensley,8936,"Apr 10, 2025",aliquam.nisl@hotmail.com,Nec Luctus Corp.,No
Kelly Santana,8445,"Nov 3, 2026",tempor.diam.dictum@aol.couk,Quis Ltd,No
Zeph Sosa,1918,"Feb 10, 2025",convallis@aol.edu,Vitae Corp.,No
Colette Davis,6469,"Oct 30, 2025",tempus@hotmail.ca,Sit Foundation,No
Shellie Casey,7985,"Feb 27, 2025",erat.vitae@outlook.couk,Laoreet Ipsum Associates,Yes
Roary Davidson,7633,"Aug 8, 2026",diam.lorem@google.org,Est Ac Limited,Yes
Micah Woods,7994,"May 25, 2026",nulla.interdum@protonmail.org,Lobortis Ultrices Vivamus Corporation,No
Clio Jordan,2512,"Jul 23, 2026",etiam.ligula@google.net,Quis Tristique Ltd,Yes
Orla Park,1250,"Aug 15, 2026",quam@outlook.org,Mauris Ut Associates,No
Jemima Boyd,1676,"Apr 11, 2025",tempus.risus@google.com,Enim Curabitur Massa Institute,No
Hector Kramer,9527,"Jul 11, 2026",phasellus@icloud.edu,Vel Venenatis Vel Institute,No
Shelly Lott,7483,"Mar 8, 2025",feugiat.sed@hotmail.org,Tellus Imperdiet Inc.,Yes
Bree Dale,5524,"Jun 24, 2025",neque@google.com,Morbi Quis LLC,No
Griffin Hammond,7143,"Oct 22, 2026",nullam@protonmail.ca,Ultrices A Auctor Consulting,No
Ryder Bruce,1773,"Jan 18, 2026",mi.felis.adipiscing@icloud.com,Donec Nibh Quisque Limited,No
Blythe Duke,2215,"Jun 8, 2026",diam@outlook.edu,Gravida Sagittis Duis Foundation,Yes
Macaulay Scott,6752,"Feb 7, 2026",consectetuer@google.com,Eu Dui Limited,No
Raja Humphrey,4169,"Jun 7, 2026",phasellus.dapibus@google.net,Vitae Posuere Industries,Yes
Martin Mcpherson,9145,"May 23, 2025",fusce.feugiat@protonmail.ca,Orci Ltd,Yes
Jada Craft,5798,"Mar 30, 2025",quis@protonmail.edu,Sed Sem Inc.,Yes
Myles Meyer,6550,"Apr 26, 2026",metus@aol.com,Leo LLP,Yes
Rhiannon Ferguson,7316,"Jan 5, 2026",aliquam.arcu.aliquam@yahoo.org,Malesuada Ut LLC,No
Erasmus Gamble,2767,"Mar 19, 2026",nulla.dignissim@aol.couk,Lorem Lorem Luctus LLP,Yes
Haley Wagner,1663,"Feb 25, 2026",suspendisse@protonmail.net,Mauris Non Inc.,No
Janna Clarke,2024,"May 3, 2026",tellus@protonmail.couk,Facilisi Sed Inc.,No
Timon Frederick,6892,"Jul 11, 2026",accumsan@protonmail.couk,Nulla Tincidunt Ltd,No
Brenden Nielsen,4570,"May 28, 2025",convallis.erat@yahoo.ca,Faucibus Corporation,Yes
Hedda Klein,7495,"Aug 18, 2025",enim@aol.ca,Nisl Maecenas Malesuada Corp.,No
Gil Griffith,7177,"Jun 15, 2026",ac.sem@google.couk,Pharetra Nibh Institute,No
Clinton Bray,1426,"Aug 8, 2026",in@outlook.org,Ultrices Duis LLC,Yes
Rogan Frazier,8853,"Jan 31, 2025",sit.amet@outlook.net,Neque Sed Associates,Yes
Stuart Chandler,8593,"Dec 1, 2025",vivamus.nibh.dolor@google.ca,Risus Morbi Inc.,Yes
Giacomo Lawrence,5110,"Feb 17, 2025",nulla.facilisis@hotmail.com,Fringilla Est Incorporated,Yes
Jocelyn Kent,2666,"Jun 3, 2025",nullam@yahoo.com,Vivamus Ltd,No
Quin Weber,3364,"Dec 8, 2024",praesent@hotmail.com,Mauris Vestibulum Corporation,Yes
Stephen Meyers,9128,"Jan 3, 2025",consectetuer@protonmail.edu,Mauris Eu PC,No
Grant Joyce,8159,"Jul 12, 2026",odio.semper.cursus@google.org,Blandit Viverra Corporation,Yes
Gregory Frederick,9546,"Mar 24, 2026",nisi.dictum@aol.com,Dui Quis Incorporated,Yes
Beck Fitzgerald,6085,"Jun 2, 2026",elit@outlook.ca,Vehicula Risus Nulla Ltd,No
Jordan Pate,9982,"Apr 24, 2025",venenatis.lacus.etiam@aol.ca,Amet Orci Ut Associates,Yes
Orlando Mcfadden,5906,"Sep 16, 2025",sit@google.ca,Eget Company,Yes
August Craig,7768,"Jul 22, 2025",amet.metus@icloud.org,Eleifend LLC,Yes
Adara Perez,7155,"Apr 17, 2025",dui.augue@hotmail.edu,Non Lacinia LLC,Yes
Jerome Andrews,3437,"Jul 11, 2026",mi.duis.risus@yahoo.com,Eget Magna PC,Yes
Kylee Jordan,3826,"Jun 10, 2025",faucibus@outlook.couk,Dui Incorporated,No
Callum Poole,7676,"Jan 25, 2026",pellentesque@aol.net,Donec Vitae Erat Associates,No
Addison Hyde,2337,"May 20, 2025",felis.nulla.tempor@yahoo.couk,Mauris Molestie Corp.,Yes
Clio Strickland,6705,"Dec 14, 2025",sollicitudin.orci@aol.edu,Arcu Inc.,No
Leo Brock,2136,"Nov 19, 2025",pharetra.sed@outlook.couk,Ante Ipsum PC,Yes
Aretha Harmon,7088,"Aug 24, 2025",ipsum.curabitur@yahoo.couk,Scelerisque Scelerisque Corp.,Yes
Aileen Holt,9672,"May 24, 2026",arcu.eu.odio@outlook.ca,Posuere Enim Institute,No
Lillian Mayo,9073,"Dec 26, 2024",nibh.quisque@hotmail.org,In Consequat Industries,Yes
Quentin Hoffman,8737,"Oct 29, 2025",etiam.gravida@google.com,Consequat Purus LLP,No
Kirestin Smith,7524,"Nov 30, 2024",nunc.ullamcorper@hotmail.com,Sed Hendrerit Associates,Yes
Hadley James,8503,"Jun 9, 2025",iaculis.enim@protonmail.edu,Sit Amet Ornare Industries,No
Channing Collier,2156,"Dec 12, 2024",lacus@google.net,Eget Ipsum Associates,Yes
Kaseem Curtis,4032,"Mar 3, 2025",fusce.diam@icloud.couk,Eget Magna PC,No
Yetta Morrow,9586,"Nov 16, 2025",pretium.neque.morbi@google.edu,Sodales At Velit Incorporated,Yes
Evangeline Park,4921,"Mar 1, 2025",et.magna@icloud.com,Ipsum Dolor Sit LLP,Yes
Ima Adkins,9267,"Sep 13, 2025",et.nunc@icloud.couk,Sed Limited,No
Emi Lara,7806,"Aug 31, 2026",lectus.a@yahoo.ca,Maecenas Libero Corporation,No
Tasha Conley,4375,"Sep 9, 2026",donec.fringilla@hotmail.edu,Cras Pellentesque Sed Ltd,Yes
Barry Riggs,3051,"Jan 3, 2026",adipiscing.lacus@hotmail.couk,Risus Foundation,Yes
Juliet Park,2232,"Sep 25, 2025",eu@yahoo.net,Duis Corp.,No
Renee Drake,8462,"Oct 29, 2026",mattis@protonmail.net,Fusce Limited,No
Ian Knowles,3058,"Jul 12, 2026",dictum@hotmail.com,Non Sollicitudin Industries,Yes
Lynn Daniel,6643,"Dec 15, 2024",rutrum@outlook.edu,Tincidunt Donec Vitae Incorporated,No
Fallon Jenkins,9514,"Oct 17, 2025",a.facilisis@google.couk,Proin Mi Aliquam Consulting,No
Elton Rivas,9183,"Feb 25, 2025",enim.mi@icloud.ca,Vitae Sodales Incorporated,No
